{
  "report": {
    "modules": [
      {
        "name": "AndroidJNI",
        "dependencies": []
      },
      {
        "name": "Animation",
        "dependencies": [
          {
            "name": "AnimationClip",
            "scenes": [
              "Assets/Scenes/LV0.unity",
              "Assets/Scenes/LV1.unity",
              "Assets/Scenes/LV2.unity",
              "Assets/Scenes/LV3.unity",
              "Assets/Scenes/LV4.unity"
            ],
            "dependencyType": 0,
            "icon": null
          },
          {
            "name": "Animator",
            "scenes": [
              "Assets/Scenes/LV0.unity",
              "Assets/Scenes/LV1.unity",
              "Assets/Scenes/LV2.unity",
              "Assets/Scenes/LV3.unity",
              "Assets/Scenes/LV4.unity"
            ],
            "dependencyType": 0,
            "icon": null
          },
          {
            "name": "AnimatorController",
            "scenes": [
              "Assets/Scenes/LV0.unity",
              "Assets/Scenes/LV1.unity",
              "Assets/Scenes/LV2.unity",
              "Assets/Scenes/LV3.unity",
              "Assets/Scenes/LV4.unity"
            ],
            "dependencyType": 1,
            "icon": null
          },
          {
            "name": "AnimatorOverrideController",
            "scenes": [],
            "dependencyType": 0,
            "icon": null
          },
          {
            "name": "Motion",
            "scenes": [],
            "dependencyType": 1,
            "icon": null
          },
          {
            "name": "RuntimeAnimatorController",
            "scenes": [],
            "dependencyType": 1,
            "icon": null
          }
        ]
      },
      {
        "name": "Audio",
        "dependencies": [
          {
            "name": "AudioBehaviour",
            "scenes": [
              "Assets/Scenes/GameOver.unity",
              "Assets/Scenes/LV0.unity",
              "Assets/Scenes/LV1.unity",
              "Assets/Scenes/LV2.unity",
              "Assets/Scenes/LV3.unity",
              "Assets/Scenes/LV4.unity",
              "Assets/Scenes/StartMenu.unity",
              "Assets/Scenes/YouWin.unity"
            ],
            "dependencyType": 0,
            "icon": null
          },
          {
            "name": "AudioClip",
            "scenes": [
              "Assets/Scenes/LV0.unity",
              "Assets/Scenes/LV1.unity",
              "Assets/Scenes/LV2.unity",
              "Assets/Scenes/LV3.unity"
            ],
            "dependencyType": 0,
            "icon": null
          },
          {
            "name": "AudioListener",
            "scenes": [
              "Assets/Scenes/GameOver.unity",
              "Assets/Scenes/LV0.unity",
              "Assets/Scenes/LV1.unity",
              "Assets/Scenes/LV2.unity",
              "Assets/Scenes/LV3.unity",
              "Assets/Scenes/LV4.unity",
              "Assets/Scenes/StartMenu.unity",
              "Assets/Scenes/YouWin.unity"
            ],
            "dependencyType": 0,
            "icon": null
          },
          {
            "name": "AudioManager",
            "scenes": [],
            "dependencyType": 1,
            "icon": null
          },
          {
            "name": "AudioSource",
            "scenes": [
              "Assets/Scenes/LV0.unity",
              "Assets/Scenes/LV1.unity",
              "Assets/Scenes/LV2.unity",
              "Assets/Scenes/LV3.unity"
            ],
            "dependencyType": 0,
            "icon": null
          },
          {
            "name": "SampleClip",
            "scenes": [
              "Assets/Scenes/LV0.unity",
              "Assets/Scenes/LV1.unity",
              "Assets/Scenes/LV2.unity",
              "Assets/Scenes/LV3.unity"
            ],
            "dependencyType": 1,
            "icon": null
          }
        ]
      },
      {
        "name": "Core",
        "dependencies": [
          {
            "name": "Behaviour",
            "scenes": [],
            "dependencyType": 1,
            "icon": null
          },
          {
            "name": "BuildSettings",
            "scenes": [],
            "dependencyType": 1,
            "icon": null
          },
          {
            "name": "Camera",
            "scenes": [
              "Assets/Scenes/GameOver.unity",
              "Assets/Scenes/LV0.unity",
              "Assets/Scenes/LV1.unity",
              "Assets/Scenes/LV2.unity",
              "Assets/Scenes/LV3.unity",
              "Assets/Scenes/LV4.unity",
              "Assets/Scenes/StartMenu.unity",
              "Assets/Scenes/YouWin.unity"
            ],
            "dependencyType": 0,
            "icon": null
          },
          {
            "name": "Component",
            "scenes": [],
            "dependencyType": 1,
            "icon": null
          },
          {
            "name": "ComputeShader",
            "scenes": [],
            "dependencyType": 0,
            "icon": null
          },
          {
            "name": "Cubemap",
            "scenes": [],
            "dependencyType": 0,
            "icon": null
          },
          {
            "name": "CubemapArray",
            "scenes": [],
            "dependencyType": 0,
            "icon": null
          },
          {
            "name": "DelayedCallManager",
            "scenes": [],
            "dependencyType": 1,
            "icon": null
          },
          {
            "name": "EditorExtension",
            "scenes": [
              "Assets/Scenes/GameOver.unity",
              "Assets/Scenes/LV0.unity",
              "Assets/Scenes/LV1.unity",
              "Assets/Scenes/LV2.unity",
              "Assets/Scenes/LV3.unity",
              "Assets/Scenes/LV4.unity",
              "Assets/Scenes/StartMenu.unity",
              "Assets/Scenes/YouWin.unity"
            ],
            "dependencyType": 1,
            "icon": null
          },
          {
            "name": "GameManager",
            "scenes": [],
            "dependencyType": 1,
            "icon": null
          },
          {
            "name": "GameObject",
            "scenes": [
              "Assets/Scenes/GameOver.unity",
              "Assets/Scenes/LV0.unity",
              "Assets/Scenes/LV1.unity",
              "Assets/Scenes/LV2.unity",
              "Assets/Scenes/LV3.unity",
              "Assets/Scenes/LV4.unity",
              "Assets/Scenes/StartMenu.unity",
              "Assets/Scenes/YouWin.unity"
            ],
            "dependencyType": 0,
            "icon": null
          },
          {
            "name": "GlobalGameManager",
            "scenes": [],
            "dependencyType": 1,
            "icon": null
          },
          {
            "name": "GraphicsSettings",
            "scenes": [],
            "dependencyType": 0,
            "icon": null
          },
          {
            "name": "InputManager",
            "scenes": [],
            "dependencyType": 1,
            "icon": null
          },
          {
            "name": "LevelGameManager",
            "scenes": [
              "Assets/Scenes/GameOver.unity",
              "Assets/Scenes/LV0.unity",
              "Assets/Scenes/LV1.unity",
              "Assets/Scenes/LV2.unity",
              "Assets/Scenes/LV3.unity",
              "Assets/Scenes/LV4.unity",
              "Assets/Scenes/StartMenu.unity",
              "Assets/Scenes/YouWin.unity"
            ],
            "dependencyType": 1,
            "icon": null
          },
          {
            "name": "Light",
            "scenes": [],
            "dependencyType": 0,
            "icon": null
          },
          {
            "name": "LightProbes",
            "scenes": [],
            "dependencyType": 0,
            "icon": null
          },
          {
            "name": "LightingSettings",
            "scenes": [],
            "dependencyType": 0,
            "icon": null
          },
          {
            "name": "LightmapSettings",
            "scenes": [
              "Assets/Scenes/GameOver.unity",
              "Assets/Scenes/LV0.unity",
              "Assets/Scenes/LV1.unity",
              "Assets/Scenes/LV2.unity",
              "Assets/Scenes/LV3.unity",
              "Assets/Scenes/LV4.unity",
              "Assets/Scenes/StartMenu.unity",
              "Assets/Scenes/YouWin.unity"
            ],
            "dependencyType": 0,
            "icon": null
          },
          {
            "name": "LowerResBlitTexture",
            "scenes": [],
            "dependencyType": 0,
            "icon": null
          },
          {
            "name": "Material",
            "scenes": [
              "Assets/Scenes/GameOver.unity",
              "Assets/Scenes/LV0.unity",
              "Assets/Scenes/LV1.unity",
              "Assets/Scenes/LV2.unity",
              "Assets/Scenes/LV3.unity",
              "Assets/Scenes/LV4.unity",
              "Assets/Scenes/StartMenu.unity",
              "Assets/Scenes/YouWin.unity"
            ],
            "dependencyType": 0,
            "icon": null
          },
          {
            "name": "Mesh",
            "scenes": [
              "Assets/Scenes/LV0.unity",
              "Assets/Scenes/LV1.unity",
              "Assets/Scenes/LV2.unity",
              "Assets/Scenes/LV3.unity",
              "Assets/Scenes/LV4.unity",
              "Assets/Scenes/YouWin.unity"
            ],
            "dependencyType": 0,
            "icon": null
          },
          {
            "name": "MeshFilter",
            "scenes": [
              "Assets/Scenes/LV0.unity",
              "Assets/Scenes/LV1.unity",
              "Assets/Scenes/LV2.unity",
              "Assets/Scenes/LV3.unity",
              "Assets/Scenes/LV4.unity",
              "Assets/Scenes/YouWin.unity"
            ],
            "dependencyType": 0,
            "icon": null
          },
          {
            "name": "MeshRenderer",
            "scenes": [
              "Assets/Scenes/LV0.unity",
              "Assets/Scenes/LV1.unity",
              "Assets/Scenes/LV2.unity",
              "Assets/Scenes/LV3.unity",
              "Assets/Scenes/LV4.unity",
              "Assets/Scenes/YouWin.unity"
            ],
            "dependencyType": 0,
            "icon": null
          },
          {
            "name": "MonoBehaviour",
            "scenes": [
              "Assets/Scenes/GameOver.unity",
              "Assets/Scenes/LV0.unity",
              "Assets/Scenes/LV1.unity",
              "Assets/Scenes/LV2.unity",
              "Assets/Scenes/LV3.unity",
              "Assets/Scenes/LV4.unity",
              "Assets/Scenes/StartMenu.unity",
              "Assets/Scenes/YouWin.unity"
            ],
            "dependencyType": 0,
            "icon": null
          },
          {
            "name": "MonoManager",
            "scenes": [],
            "dependencyType": 1,
            "icon": null
          },
          {
            "name": "MonoScript",
            "scenes": [
              "Assets/Scenes/GameOver.unity",
              "Assets/Scenes/LV0.unity",
              "Assets/Scenes/LV1.unity",
              "Assets/Scenes/LV2.unity",
              "Assets/Scenes/LV3.unity",
              "Assets/Scenes/LV4.unity",
              "Assets/Scenes/StartMenu.unity",
              "Assets/Scenes/YouWin.unity"
            ],
            "dependencyType": 1,
            "icon": null
          },
          {
            "name": "NamedObject",
            "scenes": [
              "Assets/Scenes/GameOver.unity",
              "Assets/Scenes/LV0.unity",
              "Assets/Scenes/LV1.unity",
              "Assets/Scenes/LV2.unity",
              "Assets/Scenes/LV3.unity",
              "Assets/Scenes/LV4.unity",
              "Assets/Scenes/StartMenu.unity",
              "Assets/Scenes/YouWin.unity"
            ],
            "dependencyType": 1,
            "icon": null
          },
          {
            "name": "Object",
            "scenes": [],
            "dependencyType": 1,
            "icon": null
          },
          {
            "name": "PlayerSettings",
            "scenes": [],
            "dependencyType": 1,
            "icon": null
          },
          {
            "name": "PreloadData",
            "scenes": [],
            "dependencyType": 0,
            "icon": null
          },
          {
            "name": "QualitySettings",
            "scenes": [],
            "dependencyType": 0,
            "icon": null
          },
          {
            "name": "RectTransform",
            "scenes": [
              "Assets/Scenes/GameOver.unity",
              "Assets/Scenes/LV0.unity",
              "Assets/Scenes/LV1.unity",
              "Assets/Scenes/LV2.unity",
              "Assets/Scenes/LV3.unity",
              "Assets/Scenes/LV4.unity",
              "Assets/Scenes/StartMenu.unity",
              "Assets/Scenes/YouWin.unity"
            ],
            "dependencyType": 0,
            "icon": null
          },
          {
            "name": "ReflectionProbe",
            "scenes": [],
            "dependencyType": 0,
            "icon": null
          },
          {
            "name": "RenderSettings",
            "scenes": [
              "Assets/Scenes/GameOver.unity",
              "Assets/Scenes/LV0.unity",
              "Assets/Scenes/LV1.unity",
              "Assets/Scenes/LV2.unity",
              "Assets/Scenes/LV3.unity",
              "Assets/Scenes/LV4.unity",
              "Assets/Scenes/StartMenu.unity",
              "Assets/Scenes/YouWin.unity"
            ],
            "dependencyType": 0,
            "icon": null
          },
          {
            "name": "RenderTexture",
            "scenes": [],
            "dependencyType": 0,
            "icon": null
          },
          {
            "name": "Renderer",
            "scenes": [],
            "dependencyType": 1,
            "icon": null
          },
          {
            "name": "ResourceManager",
            "scenes": [],
            "dependencyType": 1,
            "icon": null
          },
          {
            "name": "RuntimeInitializeOnLoadManager",
            "scenes": [],
            "dependencyType": 1,
            "icon": null
          },
          {
            "name": "Shader",
            "scenes": [
              "Assets/Scenes/GameOver.unity",
              "Assets/Scenes/LV0.unity",
              "Assets/Scenes/LV1.unity",
              "Assets/Scenes/LV2.unity",
              "Assets/Scenes/LV3.unity",
              "Assets/Scenes/LV4.unity",
              "Assets/Scenes/StartMenu.unity",
              "Assets/Scenes/YouWin.unity"
            ],
            "dependencyType": 0,
            "icon": null
          },
          {
            "name": "ShaderNameRegistry",
            "scenes": [],
            "dependencyType": 1,
            "icon": null
          },
          {
            "name": "SortingGroup",
            "scenes": [],
            "dependencyType": 0,
            "icon": null
          },
          {
            "name": "Sprite",
            "scenes": [
              "Assets/Scenes/GameOver.unity",
              "Assets/Scenes/LV0.unity",
              "Assets/Scenes/LV1.unity",
              "Assets/Scenes/LV2.unity",
              "Assets/Scenes/LV3.unity",
              "Assets/Scenes/LV4.unity",
              "Assets/Scenes/StartMenu.unity",
              "Assets/Scenes/YouWin.unity"
            ],
            "dependencyType": 0,
            "icon": null
          },
          {
            "name": "SpriteAtlas",
            "scenes": [],
            "dependencyType": 0,
            "icon": null
          },
          {
            "name": "SpriteRenderer",
            "scenes": [
              "Assets/Scenes/LV0.unity",
              "Assets/Scenes/LV1.unity",
              "Assets/Scenes/LV2.unity",
              "Assets/Scenes/LV3.unity",
              "Assets/Scenes/LV4.unity"
            ],
            "dependencyType": 0,
            "icon": null
          },
          {
            "name": "TagManager",
            "scenes": [],
            "dependencyType": 1,
            "icon": null
          },
          {
            "name": "TextAsset",
            "scenes": [],
            "dependencyType": 1,
            "icon": null
          },
          {
            "name": "Texture",
            "scenes": [
              "Assets/Scenes/GameOver.unity",
              "Assets/Scenes/LV0.unity",
              "Assets/Scenes/LV1.unity",
              "Assets/Scenes/LV2.unity",
              "Assets/Scenes/LV3.unity",
              "Assets/Scenes/LV4.unity",
              "Assets/Scenes/StartMenu.unity",
              "Assets/Scenes/YouWin.unity"
            ],
            "dependencyType": 0,
            "icon": null
          },
          {
            "name": "Texture2D",
            "scenes": [
              "Assets/Scenes/GameOver.unity",
              "Assets/Scenes/LV0.unity",
              "Assets/Scenes/LV1.unity",
              "Assets/Scenes/LV2.unity",
              "Assets/Scenes/LV3.unity",
              "Assets/Scenes/LV4.unity",
              "Assets/Scenes/StartMenu.unity",
              "Assets/Scenes/YouWin.unity"
            ],
            "dependencyType": 0,
            "icon": null
          },
          {
            "name": "Texture2DArray",
            "scenes": [],
            "dependencyType": 0,
            "icon": null
          },
          {
            "name": "Texture3D",
            "scenes": [],
            "dependencyType": 0,
            "icon": null
          },
          {
            "name": "TimeManager",
            "scenes": [],
            "dependencyType": 1,
            "icon": null
          },
          {
            "name": "Transform",
            "scenes": [],
            "dependencyType": 1,
            "icon": null
          },
          {
            "name": "Required by AndroidJNI Module",
            "scenes": [],
            "dependencyType": 2,
            "icon": "package/com.unity.modules.androidjni"
          },
          {
            "name": "Required by Animation Module",
            "scenes": [],
            "dependencyType": 2,
            "icon": "package/com.unity.modules.animation"
          },
          {
            "name": "Required by Audio Module",
            "scenes": [],
            "dependencyType": 2,
            "icon": "package/com.unity.modules.audio"
          },
          {
            "name": "Required by Grid Module",
            "scenes": [],
            "dependencyType": 2,
            "icon": "package/com.unity.modules.grid"
          },
          {
            "name": "Required by IMGUI Module",
            "scenes": [],
            "dependencyType": 2,
            "icon": "package/com.unity.modules.imgui"
          },
          {
            "name": "Required by InputLegacy Module",
            "scenes": [],
            "dependencyType": 2,
            "icon": "package/com.unity.modules.inputlegacy"
          },
          {
            "name": "Required by JSONSerialize Module",
            "scenes": [],
            "dependencyType": 2,
            "icon": "package/com.unity.modules.jsonserialize"
          },
          {
            "name": "Required by ParticleSystem Module",
            "scenes": [],
            "dependencyType": 2,
            "icon": "package/com.unity.modules.particlesystem"
          },
          {
            "name": "Required by Physics Module",
            "scenes": [],
            "dependencyType": 2,
            "icon": "package/com.unity.modules.physics"
          },
          {
            "name": "Required by Physics2D Module",
            "scenes": [],
            "dependencyType": 2,
            "icon": "package/com.unity.modules.physics2d"
          },
          {
            "name": "Required by RuntimeInitializeOnLoadManagerInitializer Module",
            "scenes": [],
            "dependencyType": 2,
            "icon": "package/com.unity.modules.runtimeinitializeonloadmanagerinitializer"
          },
          {
            "name": "Required by SpriteMask Module",
            "scenes": [],
            "dependencyType": 2,
            "icon": "package/com.unity.modules.spritemask"
          },
          {
            "name": "Required by TextCoreFontEngine Module",
            "scenes": [],
            "dependencyType": 2,
            "icon": "package/com.unity.modules.textcorefontengine"
          },
          {
            "name": "Required by TextCoreTextEngine Module",
            "scenes": [],
            "dependencyType": 2,
            "icon": "package/com.unity.modules.textcoretextengine"
          },
          {
            "name": "Required by TextRendering Module",
            "scenes": [],
            "dependencyType": 2,
            "icon": "package/com.unity.modules.textrendering"
          },
          {
            "name": "Required by Tilemap Module",
            "scenes": [],
            "dependencyType": 2,
            "icon": "package/com.unity.modules.tilemap"
          },
          {
            "name": "Required by UI Module",
            "scenes": [],
            "dependencyType": 2,
            "icon": "package/com.unity.modules.ui"
          },
          {
            "name": "Required by UIElements Module",
            "scenes": [],
            "dependencyType": 2,
            "icon": "package/com.unity.modules.uielements"
          }
        ]
      },
      {
        "name": "Grid",
        "dependencies": [
          {
            "name": "Grid",
            "scenes": [
              "Assets/Scenes/LV0.unity",
              "Assets/Scenes/LV1.unity",
              "Assets/Scenes/LV2.unity",
              "Assets/Scenes/LV3.unity",
              "Assets/Scenes/LV4.unity"
            ],
            "dependencyType": 0,
            "icon": null
          },
          {
            "name": "GridLayout",
            "scenes": [],
            "dependencyType": 1,
            "icon": null
          },
          {
            "name": "Required by Tilemap Module",
            "scenes": [],
            "dependencyType": 2,
            "icon": "package/com.unity.modules.tilemap"
          }
        ]
      },
      {
        "name": "IMGUI",
        "dependencies": [
          {
            "name": "Required by UIElements Module",
            "scenes": [],
            "dependencyType": 2,
            "icon": "package/com.unity.modules.uielements"
          }
        ]
      },
      {
        "name": "InputLegacy",
        "dependencies": [
          {
            "name": "Required by IMGUI Module",
            "scenes": [],
            "dependencyType": 2,
            "icon": "package/com.unity.modules.imgui"
          },
          {
            "name": "Required by UIElements Module",
            "scenes": [],
            "dependencyType": 2,
            "icon": "package/com.unity.modules.uielements"
          }
        ]
      },
      {
        "name": "JSONSerialize",
        "dependencies": [
          {
            "name": "Required by RuntimeInitializeOnLoadManagerInitializer Module",
            "scenes": [],
            "dependencyType": 2,
            "icon": "package/com.unity.modules.runtimeinitializeonloadmanagerinitializer"
          },
          {
            "name": "Required by UIElements Module",
            "scenes": [],
            "dependencyType": 2,
            "icon": "package/com.unity.modules.uielements"
          }
        ]
      },
      {
        "name": "ParticleSystem",
        "dependencies": [
          {
            "name": "ParticleSystem",
            "scenes": [
              "Assets/Scenes/LV0.unity",
              "Assets/Scenes/LV1.unity",
              "Assets/Scenes/LV2.unity",
              "Assets/Scenes/LV3.unity",
              "Assets/Scenes/LV4.unity"
            ],
            "dependencyType": 0,
            "icon": null
          },
          {
            "name": "ParticleSystemRenderer",
            "scenes": [
              "Assets/Scenes/LV0.unity",
              "Assets/Scenes/LV1.unity",
              "Assets/Scenes/LV2.unity",
              "Assets/Scenes/LV3.unity",
              "Assets/Scenes/LV4.unity"
            ],
            "dependencyType": 0,
            "icon": null
          }
        ]
      },
      {
        "name": "Physics",
        "dependencies": [
          {
            "name": "Collider",
            "scenes": [
              "Assets/Scenes/LV0.unity",
              "Assets/Scenes/LV1.unity",
              "Assets/Scenes/LV2.unity",
              "Assets/Scenes/LV3.unity",
              "Assets/Scenes/LV4.unity",
              "Assets/Scenes/YouWin.unity"
            ],
            "dependencyType": 0,
            "icon": null
          },
          {
            "name": "MeshCollider",
            "scenes": [
              "Assets/Scenes/LV0.unity",
              "Assets/Scenes/LV1.unity",
              "Assets/Scenes/LV2.unity",
              "Assets/Scenes/LV3.unity",
              "Assets/Scenes/LV4.unity",
              "Assets/Scenes/YouWin.unity"
            ],
            "dependencyType": 0,
            "icon": null
          },
          {
            "name": "PhysicsManager",
            "scenes": [],
            "dependencyType": 1,
            "icon": null
          }
        ]
      },
      {
        "name": "Physics2D",
        "dependencies": [
          {
            "name": "AnchoredJoint2D",
            "scenes": [
              "Assets/Scenes/LV0.unity",
              "Assets/Scenes/LV2.unity"
            ],
            "dependencyType": 0,
            "icon": null
          },
          {
            "name": "BoxCollider2D",
            "scenes": [
              "Assets/Scenes/LV0.unity",
              "Assets/Scenes/LV1.unity",
              "Assets/Scenes/LV2.unity",
              "Assets/Scenes/LV3.unity",
              "Assets/Scenes/LV4.unity"
            ],
            "dependencyType": 0,
            "icon": null
          },
          {
            "name": "CircleCollider2D",
            "scenes": [
              "Assets/Scenes/LV4.unity"
            ],
            "dependencyType": 0,
            "icon": null
          },
          {
            "name": "Collider2D",
            "scenes": [],
            "dependencyType": 1,
            "icon": null
          },
          {
            "name": "HingeJoint2D",
            "scenes": [
              "Assets/Scenes/LV0.unity",
              "Assets/Scenes/LV2.unity"
            ],
            "dependencyType": 0,
            "icon": null
          },
          {
            "name": "Joint2D",
            "scenes": [],
            "dependencyType": 1,
            "icon": null
          },
          {
            "name": "Physics2DSettings",
            "scenes": [],
            "dependencyType": 1,
            "icon": null
          },
          {
            "name": "PolygonCollider2D",
            "scenes": [
              "Assets/Scenes/LV0.unity",
              "Assets/Scenes/LV1.unity",
              "Assets/Scenes/LV2.unity",
              "Assets/Scenes/LV3.unity"
            ],
            "dependencyType": 0,
            "icon": null
          },
          {
            "name": "Rigidbody2D",
            "scenes": [
              "Assets/Scenes/LV0.unity",
              "Assets/Scenes/LV1.unity",
              "Assets/Scenes/LV2.unity",
              "Assets/Scenes/LV3.unity",
              "Assets/Scenes/LV4.unity"
            ],
            "dependencyType": 0,
            "icon": null
          },
          {
            "name": "Required by Tilemap Module",
            "scenes": [],
            "dependencyType": 2,
            "icon": "package/com.unity.modules.tilemap"
          }
        ]
      },
      {
        "name": "RuntimeInitializeOnLoadManagerInitializer",
        "dependencies": [
          {
            "name": "RuntimeInitializeOnLoadManagerInitializer is always required",
            "scenes": [],
            "dependencyType": 3,
            "icon": "class/DefaultAsset"
          }
        ]
      },
      {
        "name": "SharedInternals",
        "dependencies": [
          {
            "name": "Required by AndroidJNI Module",
            "scenes": [],
            "dependencyType": 2,
            "icon": "package/com.unity.modules.androidjni"
          },
          {
            "name": "Required by Animation Module",
            "scenes": [],
            "dependencyType": 2,
            "icon": "package/com.unity.modules.animation"
          },
          {
            "name": "Required by Audio Module",
            "scenes": [],
            "dependencyType": 2,
            "icon": "package/com.unity.modules.audio"
          },
          {
            "name": "Required by Core Module",
            "scenes": [],
            "dependencyType": 2,
            "icon": "package/com.unity.modules.core"
          },
          {
            "name": "Required by Grid Module",
            "scenes": [],
            "dependencyType": 2,
            "icon": "package/com.unity.modules.grid"
          },
          {
            "name": "Required by IMGUI Module",
            "scenes": [],
            "dependencyType": 2,
            "icon": "package/com.unity.modules.imgui"
          },
          {
            "name": "Required by InputLegacy Module",
            "scenes": [],
            "dependencyType": 2,
            "icon": "package/com.unity.modules.inputlegacy"
          },
          {
            "name": "Required by JSONSerialize Module",
            "scenes": [],
            "dependencyType": 2,
            "icon": "package/com.unity.modules.jsonserialize"
          },
          {
            "name": "Required by ParticleSystem Module",
            "scenes": [],
            "dependencyType": 2,
            "icon": "package/com.unity.modules.particlesystem"
          },
          {
            "name": "Required by Physics Module",
            "scenes": [],
            "dependencyType": 2,
            "icon": "package/com.unity.modules.physics"
          },
          {
            "name": "Required by Physics2D Module",
            "scenes": [],
            "dependencyType": 2,
            "icon": "package/com.unity.modules.physics2d"
          },
          {
            "name": "Required by RuntimeInitializeOnLoadManagerInitializer Module",
            "scenes": [],
            "dependencyType": 2,
            "icon": "package/com.unity.modules.runtimeinitializeonloadmanagerinitializer"
          },
          {
            "name": "Required by SpriteMask Module",
            "scenes": [],
            "dependencyType": 2,
            "icon": "package/com.unity.modules.spritemask"
          },
          {
            "name": "Required by TextCoreFontEngine Module",
            "scenes": [],
            "dependencyType": 2,
            "icon": "package/com.unity.modules.textcorefontengine"
          },
          {
            "name": "Required by TextCoreTextEngine Module",
            "scenes": [],
            "dependencyType": 2,
            "icon": "package/com.unity.modules.textcoretextengine"
          },
          {
            "name": "Required by TextRendering Module",
            "scenes": [],
            "dependencyType": 2,
            "icon": "package/com.unity.modules.textrendering"
          },
          {
            "name": "Required by Tilemap Module",
            "scenes": [],
            "dependencyType": 2,
            "icon": "package/com.unity.modules.tilemap"
          },
          {
            "name": "Required by UI Module",
            "scenes": [],
            "dependencyType": 2,
            "icon": "package/com.unity.modules.ui"
          },
          {
            "name": "Required by UIElements Module",
            "scenes": [],
            "dependencyType": 2,
            "icon": "package/com.unity.modules.uielements"
          }
        ]
      },
      {
        "name": "SpriteMask",
        "dependencies": [
          {
            "name": "SpriteMask",
            "scenes": [
              "Assets/Scenes/LV1.unity"
            ],
            "dependencyType": 0,
            "icon": null
          }
        ]
      },
      {
        "name": "TextCoreFontEngine",
        "dependencies": [
          {
            "name": "Required by TextCoreTextEngine Module",
            "scenes": [],
            "dependencyType": 2,
            "icon": "package/com.unity.modules.textcoretextengine"
          },
          {
            "name": "Required by UIElements Module",
            "scenes": [],
            "dependencyType": 2,
            "icon": "package/com.unity.modules.uielements"
          }
        ]
      },
      {
        "name": "TextCoreTextEngine",
        "dependencies": [
          {
            "name": "Required by IMGUI Module",
            "scenes": [],
            "dependencyType": 2,
            "icon": "package/com.unity.modules.imgui"
          },
          {
            "name": "Required by UIElements Module",
            "scenes": [],
            "dependencyType": 2,
            "icon": "package/com.unity.modules.uielements"
          }
        ]
      },
      {
        "name": "TextRendering",
        "dependencies": [
          {
            "name": "Font",
            "scenes": [
              "Assets/Scenes/GameOver.unity",
              "Assets/Scenes/LV0.unity",
              "Assets/Scenes/LV1.unity",
              "Assets/Scenes/LV2.unity",
              "Assets/Scenes/LV3.unity",
              "Assets/Scenes/LV4.unity",
              "Assets/Scenes/StartMenu.unity",
              "Assets/Scenes/YouWin.unity"
            ],
            "dependencyType": 0,
            "icon": null
          },
          {
            "name": "TextMesh",
            "scenes": [
              "Assets/Scenes/LV1.unity"
            ],
            "dependencyType": 0,
            "icon": null
          },
          {
            "name": "Required by IMGUI Module",
            "scenes": [],
            "dependencyType": 2,
            "icon": "package/com.unity.modules.imgui"
          },
          {
            "name": "Required by TextCoreFontEngine Module",
            "scenes": [],
            "dependencyType": 2,
            "icon": "package/com.unity.modules.textcorefontengine"
          },
          {
            "name": "Required by TextCoreTextEngine Module",
            "scenes": [],
            "dependencyType": 2,
            "icon": "package/com.unity.modules.textcoretextengine"
          },
          {
            "name": "Required by UI Module",
            "scenes": [],
            "dependencyType": 2,
            "icon": "package/com.unity.modules.ui"
          },
          {
            "name": "Required by UIElements Module",
            "scenes": [],
            "dependencyType": 2,
            "icon": "package/com.unity.modules.uielements"
          }
        ]
      },
      {
        "name": "Tilemap",
        "dependencies": [
          {
            "name": "Tilemap",
            "scenes": [
              "Assets/Scenes/LV0.unity",
              "Assets/Scenes/LV1.unity",
              "Assets/Scenes/LV2.unity",
              "Assets/Scenes/LV3.unity",
              "Assets/Scenes/LV4.unity"
            ],
            "dependencyType": 0,
            "icon": null
          },
          {
            "name": "TilemapCollider2D",
            "scenes": [
              "Assets/Scenes/LV0.unity",
              "Assets/Scenes/LV1.unity",
              "Assets/Scenes/LV2.unity",
              "Assets/Scenes/LV3.unity",
              "Assets/Scenes/LV4.unity"
            ],
            "dependencyType": 0,
            "icon": null
          },
          {
            "name": "TilemapRenderer",
            "scenes": [
              "Assets/Scenes/LV0.unity",
              "Assets/Scenes/LV1.unity",
              "Assets/Scenes/LV2.unity",
              "Assets/Scenes/LV3.unity",
              "Assets/Scenes/LV4.unity"
            ],
            "dependencyType": 0,
            "icon": null
          }
        ]
      },
      {
        "name": "UI",
        "dependencies": [
          {
            "name": "Canvas",
            "scenes": [
              "Assets/Scenes/GameOver.unity",
              "Assets/Scenes/LV0.unity",
              "Assets/Scenes/LV1.unity",
              "Assets/Scenes/LV2.unity",
              "Assets/Scenes/LV3.unity",
              "Assets/Scenes/LV4.unity",
              "Assets/Scenes/StartMenu.unity",
              "Assets/Scenes/YouWin.unity"
            ],
            "dependencyType": 0,
            "icon": null
          },
          {
            "name": "CanvasGroup",
            "scenes": [],
            "dependencyType": 0,
            "icon": null
          },
          {
            "name": "CanvasRenderer",
            "scenes": [
              "Assets/Scenes/GameOver.unity",
              "Assets/Scenes/LV0.unity",
              "Assets/Scenes/LV1.unity",
              "Assets/Scenes/LV2.unity",
              "Assets/Scenes/LV3.unity",
              "Assets/Scenes/LV4.unity",
              "Assets/Scenes/StartMenu.unity",
              "Assets/Scenes/YouWin.unity"
            ],
            "dependencyType": 0,
            "icon": null
          },
          {
            "name": "Required by UIElements Module",
            "scenes": [],
            "dependencyType": 2,
            "icon": "package/com.unity.modules.uielements"
          }
        ]
      },
      {
        "name": "UIElements",
        "dependencies": []
      }
    ]
  }
}